{
  "episode_rewards": [
    -66279.83333333333,
    -63551.933333333334,
    -63375.39999999999,
    -75573.93333333332,
    -84470.90000000001,
    -83528.13333333335,
    -79238.90000000001,
    -77957.90000000001,
    -76765.76666666668,
    -75936.1,
    -78389.0666666667,
    -78453.73333333337,
    -84061.13333333332,
    -75623.43333333338,
    -69303.49999999999,
    -61118.13333333332,
    -66947.23333333331,
    -63932.53333333336,
    -63741.76666666666,
    -76421.39999999994,
    -85599.40000000001,
    -82685.63333333333,
    -80708.40000000002,
    -78574.93333333338,
    -76282.33333333333,
    -75930.26666666665,
    -79018.83333333333,
    -79411.50000000003,
    -85400.20000000003,
    -76170.83333333331,
    -69989.6,
    -60728.30000000002,
    -67845.5,
    -65115.16666666667,
    -64096.73333333332,
    -78147.59999999998,
    -86649.46666666667,
    -83242.56666666667,
    -80447.33333333333,
    -79619.66666666666,
    -77318.90000000001,
    -77166.1333333333,
    -79460.46666666672,
    -80403.5666666667,
    -85074.79999999999,
    -78021.7,
    -70850.16666666669,
    -61431.266666666656,
    -68896.03333333333,
    -65324.03333333334,
    -64912.566666666666,
    -77941.33333333331,
    -84698.7666666667,
    -86335.06666666668,
    -81111.7,
    -80280.03333333333,
    -79254.26666666666,
    -79931.16666666669,
    -81147.06666666662,
    -83355.76666666669,
    -86710.20000000001,
    -78202.63333333332,
    -71080.7666666667,
    -62033.066666666666,
    -70277.36666666671,
    -66405.86666666668,
    -65887.9,
    -78610.8333333333,
    -88372.06666666665,
    -86352.80000000005,
    -83908.26666666666,
    -81642.53333333331,
    -80699.99999999997,
    -80159.06666666667,
    -81177.8,
    -82719.93333333332,
    -88991.26666666665,
    -80885.36666666664,
    -73287.0,
    -62968.06666666666,
    -70493.19999999998,
    -67171.43333333335,
    -66705.93333333332,
    -80111.69999999998,
    -89318.33333333331,
    -88255.40000000001,
    -84626.29999999999,
    -83465.43333333333,
    -82112.86666666664,
    -80589.56666666667,
    -82734.70000000001,
    -83029.53333333335,
    -89416.86666666668,
    -81784.60000000002,
    -74168.73333333332,
    -63874.96666666668,
    -71568.10000000002,
    -67496.36666666667,
    -67958.16666666669,
    -80988.33333333328
  ],
  "episode_losses": [
    0.0,
    0.0,
    0.0,
    0.0,
    0.0,
    0.0,
    0.0,
    0.0,
    0.0,
    0.0,
    0.0,
    0.0,
    0.0,
    0.0,
    0.0,
    0.0,
    0.0,
    0.0,
    0.0,
    0.0,
    0.0,
    0.0,
    0.0,
    0.0,
    0.0,
    0.0,
    0.0,
    0.0,
    0.0,
    0.0,
    0.0,
    0.0,
    0.0,
    0.0,
    0.0,
    0.0,
    0.0,
    0.0,
    0.0,
    0.0,
    0.0,
    0.0,
    0.0,
    0.0,
    0.0,
    0.0,
    0.0,
    0.0,
    0.0,
    0.0,
    0.0,
    0.0,
    0.0,
    0.0,
    0.0,
    0.0,
    0.0,
    0.0,
    0.0,
    0.0,
    0.0,
    0.0,
    0.0,
    0.0,
    0.0,
    0.0,
    0.0,
    0.0,
    0.0,
    0.0,
    0.0,
    0.0,
    0.0,
    0.0,
    0.0,
    0.0,
    0.0,
    0.0,
    0.0,
    0.0,
    0.0,
    0.0,
    0.0,
    0.0,
    0.0,
    0.0,
    0.0,
    0.0,
    0.0,
    0.0,
    0.0,
    0.0,
    0.0,
    0.0,
    0.0,
    0.0,
    0.0,
    0.0,
    0.0,
    0.0
  ],
  "last_episode": 100,
  "train_steps": 21472,
  "elapsed_seconds": 8110.285166025162
}