{
  "episode_rewards": [
    -152283.73333333325,
    -133026.49999999997
  ],
  "episode_losses": [
    4616.9162309970125,
    3.2705679735498565
  ],
  "eval_episodes": [
    2
  ],
  "eval_avg_queues": [
    59.04025423728814
  ],
  "eval_avg_waits": [
    15414.378177966102
  ],
  "eval_rewards": [
    -172919.13333333327
  ],
  "last_episode": 2
}